date,content,tweet_url,embedded_links
2025-06-30T17:14:54.000Z,"Watch the White House press briefing live as Press Secretary Karoline Leavitt takes the podium with the president on a roll — two peace deals, three SCOTUS wins, and Congress poised to pass his Big, Beautiful Bill.",https://x.com/realDailyWire/status/1939734401580970208,[]
2025-07-01T16:33:34.000Z,"The Senate has passed the 'Big, Beautiful Bill’ with a narrow 51-50 vote, thanks to the help of VP JD Vance.",https://x.com/realDailyWire/status/1940086389472993545,[]
2025-07-01T16:26:27.000Z,"Trump Scores Major Victory As Vance Helps Push ‘Big, Beautiful Bill’ Through Senate",https://x.com/realDailyWire/status/1940084594994545072,"['https://www.dailywire.com/news/trump-scores-major-victory-as-vance-helps-push-big-beautiful-bill-through-senate?topStoryPosition=undefined&author=Daniel+Chaitin&category=News&elementPosition=0&row=1&rowHeadline=Top+Stories&rowType=Top+Stories&title=Trump+Scores+Major+Victory+As+Vance+Helps+Push+%E2%80%98Big%2C+Beautiful+Bill%E2%80%99+Through+Senate', 'https://www.dailywire.com/news/trump-scores-major-victory-as-vance-helps-push-big-beautiful-bill-through-senate?topStoryPosition=undefined&author=Daniel+Chaitin&category=News&elementPosition=0&row=1&rowHeadline=Top+Stories&rowType=Top+Stories&title=Trump+Scores+Major+Victory+As+Vance+Helps+Push+%E2%80%98Big%2C+Beautiful+Bill%E2%80%99+Through+Senate']"
2025-07-01T16:17:42.000Z,"On the show today

Zohran Mamdani’s radicalism is the future of the Democratic Party – mainly because of the cuck Democrats rolling over for him;

President Trump’s Big, Beautiful Bill is on the verge of passage;

And we examine the latest on Iran and Ukraine…

It’s happening",https://x.com/benshapiro/status/1940082393701929163,[]
2025-07-01T15:06:38.000Z,"President Trump on whether Republicans will be swayed by Elon Musk: ""What's going to happen is DOGE is going to look at Musk! And if DOGE looks at Musk, we're going to save a fortune....I don't think he should be playing that game with me.""",https://x.com/MaryMargOlohan/status/1940064511420973326,[]
2025-07-01T12:08:16.000Z,Why It Might Be Impossible For Illegals To Escape Florida’s ‘Alligator Alcatraz’,https://x.com/realDailyWire/status/1940019622696161433,"['https://www.dailywire.com/news/it-will-be-nearly-impossible-for-illegal-aliens-to-escape-alligator-alcatraz', 'https://www.dailywire.com/news/it-will-be-nearly-impossible-for-illegal-aliens-to-escape-alligator-alcatraz']"
2025-07-01T11:10:12.000Z,Round 2?,https://x.com/KassyAkiva/status/1940005010470797578,[]
2025-06-30T21:02:33.000Z,"Some patriotic news: The B-2 pilots who flew into Iran and bombed the Iranian nuclear programs will come to the White House on Friday, July 4, White House officials confirm to 
@realDailyWire
.",https://x.com/MaryMargOlohan/status/1939791689561866595,[]
2025-06-30T18:03:33.000Z,"The Daily Wire’s Mary Margaret Olohan: “I just watched a CNN segment on a new app called ‘ICEBlock.’ It kind of appeared to be promoting this app where you can tell where ICE agents are.” 

Karoline Leavitt: “Surely it sounds like this would be an incitement of further violence",https://x.com/RedWave_Press/status/1939746646209732836,[]
2025-06-30T20:06:18.000Z,"Israeli Prime Minister Benjamin Netanyahu will come to the White House on July 7, White House officials confirm to 
@realDailyWire
.",https://x.com/MaryMargOlohan/status/1939777535975280850,[]
2025-06-30T18:23:37.000Z,".
@MaryMargOlohan
 asks 
@PressSec
 about CNN's promotion of ""ICEBlock"", an app that tells you where ICE agents are:

LEAVITT: ""It's unacceptable that a major network would promote such an app that is encouraging violence against officers who are trying to keep our country safe.""",https://x.com/realDailyWire/status/1939751696042782869,[]
2025-06-30T16:57:04.000Z,Did we just write the song of the summer?,https://x.com/realDailyWire/status/1939729914200301722,[]
2025-06-30T14:23:30.000Z,Inside The American Medical Establishment’s Bitter Refusal To Rethink Trans Procedures For Kids,https://x.com/realDailyWire/status/1939691266767261867,"['https://www.dailywire.com/news/inside-the-american-medical-establishments-bitter-refusal-to-rethink-trans-procedures-for-kids', 'https://www.dailywire.com/news/inside-the-american-medical-establishments-bitter-refusal-to-rethink-trans-procedures-for-kids']"
2025-06-29T23:31:07.000Z,"YES!!!!!! 
@StateDept
 @SecRubio",https://x.com/LeoTerrellDOJ/status/1939466693023006786,[]
2025-06-29T23:30:33.000Z,"Expect a call from my office tomorrow !!!
EXCLUSIVE: State Department Looks To Revoke Visa For British Rappers Who Chanted ‘Death To The IDF’",https://x.com/TheLeoTerrell/status/1939466550446346273,"['https://www.dailywire.com/news/exclusive-state-department-looks-to-revoke-visa-for-british-rappers-who-chanted-death-to-the-idf', 'https://www.dailywire.com/news/exclusive-state-department-looks-to-revoke-visa-for-british-rappers-who-chanted-death-to-the-idf']"
2025-06-30T00:17:32.000Z,"U.S. State Department “already looking at revocation” of the visas of British rap duo Bob Vylan; ahead of their U.S. tour. 

“As a reminder, under the Trump Administration, the U.S. government will not issue visas to any foreigner who supports terrorists.” - Senior State",https://x.com/OliLondonTV/status/1939478371211338179,[]
2025-06-29T22:13:04.000Z,"BREAKING: The State Department is moving to revoke Bobby Vylan’s visas ahead of his U.S. tour.

“The U.S. will not issue visas to foreigners who support terrorists.”",https://x.com/EYakoby/status/1939447051118412058,[]
2025-06-29T22:14:11.000Z,"EXCLUSIVE: The State Department is looking to revoke the visa for Bob Vylan after the ""death to the IDF chants"" at Glastonbury.

""The U.S. government will not issue visas to any foreigner who supports terrorists,” the senior official said.

My latest:",https://x.com/KassyAkiva/status/1939447331889320070,"['https://www.dailywire.com/news/exclusive-state-department-looks-to-revoke-visa-for-british-rappers-who-chanted-death-to-the-idf', 'https://www.dailywire.com/news/exclusive-state-department-looks-to-revoke-visa-for-british-rappers-who-chanted-death-to-the-idf']"
2025-06-29T22:11:31.000Z,"Breaking exclusive from 
@KassyAkiva
: The State Department is already working on revoking the visas for Bobby Vylan ahead of its U.S. tour.

""The U.S. government will not issue visas to any foreigner who supports terrorists,"" a senior state official tells The Daily Wire.",https://x.com/realDailyWire/status/1939446657948758481,[]
2025-06-29T22:12:04.000Z,"Full story from 
@KassyAkiva
 here:",https://x.com/realDailyWire/status/1939446799762428094,"['https://www.dailywire.com/news/exclusive-state-department-looks-to-revoke-visa-for-british-rappers-who-chanted-death-to-the-idf', 'https://www.dailywire.com/news/exclusive-state-department-looks-to-revoke-visa-for-british-rappers-who-chanted-death-to-the-idf']"
Unknown,"Stop wasting time following up with leads.

Let our AI agents do it for you.",https://x.com/gdcaplan/status/1797437796795269332/analytics,[]
2025-06-29T21:25:42.000Z,Trump Predicts More Nations Will Join Abraham Accords After Iran Strikes,https://x.com/realDailyWire/status/1939435127827726461,"['https://www.dailywire.com/news/trump-predicts-more-nations-will-join-abraham-accords-after-iran-strikes', 'https://www.dailywire.com/news/trump-predicts-more-nations-will-join-abraham-accords-after-iran-strikes']"
2025-06-29T13:55:24.000Z,"WATCH: 
@AAGDhillon
 sends shot across the bow of entities pushing gender transitions: ""Institutions that have pedaled this gender transition surgery & treatment treatment on mainly girls with some boys in the US have committed wholesale fraud, wholesale malpractice misconduct in",https://x.com/jtbickley/status/1939321808596988226,[]
2025-06-28T21:21:16.000Z,Washington Post Journalist Charged With Possession Of Child Pornography,https://x.com/realDailyWire/status/1939071628047958482,"['https://www.dailywire.com/news/washington-post-journalist-charged-with-possession-of-child-pornography', 'https://www.dailywire.com/news/washington-post-journalist-charged-with-possession-of-child-pornography']"
2025-06-28T18:41:15.000Z,"WATCH: FTC Commissioner 
@AFergusonFTC
 talks with Daily Wire EIC 
@BrentScher
 about a game-changing pro-free speech agreement that weeds out anti-conservative collusion in the advertising industry:",https://x.com/jtbickley/status/1939031355192680459,[]
2025-06-28T15:31:38.000Z,"Behind the scenes, the ad industry has been colluding for years to demonetize all the conservative outlets and platforms you love. 

The Trump administration thinks it put an end to it. 

My interview with FTC chairman 
@AFergusonFTC
 on how:",https://x.com/BrentScher/status/1938983636407046427,[]
2025-06-27T22:25:19.000Z,"It's been one year since the Trump and Biden debate.

Joe may not remember... but we do.",https://x.com/realDailyWire/status/1938725355604389968,[]
2025-06-27T22:07:08.000Z,Climate Activists Really Don’t Want You To Have A Dog,https://x.com/realDailyWire/status/1938720780877017202,"['https://www.dailywire.com/news/climate-activists-really-dont-want-you-to-have-a-dog', 'https://www.dailywire.com/news/climate-activists-really-dont-want-you-to-have-a-dog']"
2025-06-27T18:11:23.000Z,"Amman Akhtar, a hazardous substances engineer at the California EPA, has been arrested after providing money and weapons to a federal agent he believed was part of ISIS and beginning to plot an attack on a Jewish man.",https://x.com/KassyAkiva/status/1938661453814546628,"['https://www.dailywire.com/news/california-epa-employee-charged-with-threatening-jews-attempting-to-provide-guns-and-money-to-isis', 'https://www.dailywire.com/news/california-epa-employee-charged-with-threatening-jews-attempting-to-provide-guns-and-money-to-isis']"
2025-06-27T17:54:30.000Z,"EXCLUSIVE: 
@Jim_Jordan
 probe finds that the GARM ad cartel colluded with foreigners to direct a boycott against 
@elonmusk
's Twitter.

Emails between GARM leaders and officials in the UK and Australia show them strategizing on how to use ""collective power"" to starve it of ad $$$.",https://x.com/BrentScher/status/1938657202748670082,[]
2025-06-27T16:32:24.000Z,Packed house this morning for POTUS.,https://x.com/MaryMargOlohan/status/1938636540751511726,[]
2025-06-27T15:54:20.000Z,LIVE NOW: President Trump addresses a major Supreme Court victory impacting birthright citizenship.,https://x.com/realDailyWire/status/1938626964266385582,[]
2025-06-27T14:29:10.000Z,Liberal Donors Trash Kamala: ‘Just Reminds You We Are in This Complete S*** Storm’,https://x.com/realDailyWire/status/1938605530991247377,"['https://www.dailywire.com/news/liberal-donors-trash-kamala-just-reminds-you-we-are-in-this-complete-s-storm?topStoryPosition=undefined&author=Nathan+Gay&category=News&elementPosition=1&row=1&rowHeadline=Top+Stories&rowType=Top+Stories&title=Liberal+Donors+Trash+Kamala%3A+%E2%80%98Just+Reminds+You+We+Are+in+This+Complete+S***+Storm%E2%80%99', 'https://www.dailywire.com/news/liberal-donors-trash-kamala-just-reminds-you-we-are-in-this-complete-s-storm?topStoryPosition=undefined&author=Nathan+Gay&category=News&elementPosition=1&row=1&rowHeadline=Top+Stories&rowType=Top+Stories&title=Liberal+Donors+Trash+Kamala%3A+%E2%80%98Just+Reminds+You+We+Are+in+This+Complete+S***+Storm%E2%80%99']"
2025-06-27T08:30:00.000Z,"New intelligence reveals the extent of the damage to Iran’s nuclear facilities, RFK yanks funding from a global vaccine group, and New York City reels as a socialist claims victory in the Democratic primary for mayor. Reporting from 
@cabot_phillips
 & 
@AmandaPresto
. Plus, we speak",https://x.com/MorningWire/status/1938515142007836977,[]
2025-06-27T00:30:24.000Z,We’ve gone from tax the rich to tax the white.,https://x.com/BrentScher/status/1938394445583683712,[]
2025-06-26T22:24:58.000Z,Is the victory in the room with us?,https://x.com/realDailyWire/status/1938362881915154709,[]
2025-06-26T21:01:49.000Z,"Flanked by angel parent Joe Abraham, whose daughter was killed by an illegal alien, Tom Homan angrily calls on Congress to pass the Big Beautiful Bill, saying that no parent should have to suffer the loss of a child due to illegal crime ever again.",https://x.com/MaryMargOlohan/status/1938341953675874356,[]
2025-06-26T20:47:51.000Z,"This little girl’s mother took her baby sister on an emergency bathroom trip during the event. The sister who stayed panicked when POTUS turned and discovered it was just her standing there!

Trump tells her she’s “beautiful.”

Jokes to the mom and other sister - “I won’t ask you",https://x.com/MaryMargOlohan/status/1938338440858251548,[]
2025-06-26T20:38:24.000Z,"President Trump, as he introduces American workers, takes a moment to mock CNN for their reporting on the strikes:",https://x.com/MaryMargOlohan/status/1938336062448779379,[]
2025-06-26T20:12:28.000Z,Gathering for the Big Beautiful Bill event at the White House: pretty much everybody.,https://x.com/MaryMargOlohan/status/1938329538150470035,[]
2025-06-26T19:57:42.000Z,"""That party is dead"": Chris Cuomo blasts Democrats after brother’s defeat to ""open socialist""",https://x.com/realDailyWire/status/1938325820088484230,[]
2025-06-26T19:19:43.000Z,Red state realtors after hearing Zohran won the primary:,https://x.com/realDailyWire/status/1938316263199281281,[]
2025-06-26T18:00:48.000Z,".
@realDailyWire
’s 
@MaryMargOlohan
: “Before the strikes on Iran, we saw a number of other leaks about Tulsi Gabbard, about Vice President Vance. Is there an effort to divide the President's team when it comes to leaks and which reporters they choose?”
@PressSec
 @KarolineLeavitt
:",https://x.com/CurtisHouck/status/1938296400967782672,[]
2025-06-26T18:41:29.000Z,"The White House says President Trump wants to see Syria join the Abraham Accords.

""When the president met with the new president of Syria that was one of the requests that he made.""",https://x.com/KassyAkiva/status/1938306639360294942,[]
2025-06-26T18:15:46.000Z,".
@MaryMargOlohan
 asks 
@PressSec
 about the recent intel leak:

""There's an effort on the outside of this building to try to divide the President's team on the inside... We do our best here to push back and correct the record with all of you, but there is fake reporting.""",https://x.com/realDailyWire/status/1938300166056120586,[]
2025-06-26T17:08:41.000Z,".
@PressSec
 is live now:",https://x.com/realDailyWire/status/1938283284708135365,[]
2025-06-26T15:54:13.000Z,"Maine’s Laurel Libby, Censured Over Trans Sports Policy, Gets Last Laugh: ‘I Have Never Apologized’",https://x.com/MaryMargOlohan/status/1938264543999738256,"['https://www.dailywire.com/news/maines-laurel-libby-censured-over-trans-sports-policy-gets-last-laugh-i-have-never-apologized', 'https://www.dailywire.com/news/maines-laurel-libby-censured-over-trans-sports-policy-gets-last-laugh-i-have-never-apologized']"
2025-06-26T17:00:02.000Z,"ICYMI: The American Medical Association doubles down on transgender medical procedures for minors. 
@AmandaPresto
 reports.",https://x.com/MorningWire/status/1938281107407179963,[]
2025-06-26T15:53:16.000Z,Supreme Court Says States Can Cut Off Medicaid Funds For Planned Parenthood,https://x.com/MaryMargOlohan/status/1938264305578733711,"['https://www.dailywire.com/news/supreme-court-says-states-can-cut-off-medicaid-funds-for-planned-parenthood', 'https://www.dailywire.com/news/supreme-court-says-states-can-cut-off-medicaid-funds-for-planned-parenthood']"
2025-06-26T16:55:36.000Z,"Strange, military-aged men keep showing up at U.S.-backed Gaza aid sites — but they’re not taking food.

Sources say they’re Hamas operatives scouting security and preparing to attack American contractors.

My latest for 
@realDailyWire
:",https://x.com/KassyAkiva/status/1938279994352083325,"['https://www.dailywire.com/news/hamas-is-preparing-attacks-on-american-contractors-helping-distribute-aid-in-gaza', 'https://www.dailywire.com/news/hamas-is-preparing-attacks-on-american-contractors-helping-distribute-aid-in-gaza']"
2025-06-26T17:01:58.000Z,"Watch as Press Secretary Karoline Leavitt faces reporters for the first time since President Trump brokered a ceasefire between Iran and Israel, and the administration sets its sights on passing the One Big, Beautiful Bill.",https://x.com/realDailyWire/status/1938281593413521899,[]
2025-06-26T15:15:14.000Z,"NEW: Naomi Epps Best, a California therapy student says she was told to write a ""sexual autobiography"" and watch smut for her therapy education at Santa Clara University

I talked to Best for 
@realDailyWire
. Plus, watch our 
@MorningWire
 segment with her!",https://x.com/maireadelordi/status/1938254734668009748,"['https://www.dailywire.com/news/how-a-california-psychology-student-exposed-the-dark-side-of-therapy-education', 'https://www.dailywire.com/news/how-a-california-psychology-student-exposed-the-dark-side-of-therapy-education']"
2025-06-26T08:30:00.000Z,"Trump secures increased funding from NATO members, Senate Republicans consider the One Big Beautiful Bill, and a therapy student blows the whistle on mandatory training in smut. Reporting from 
@cabot_phillips
 & 
@maireadelordi
. Plus, we speak with 
@SteveMiran
 and 
@naomieppsbest
.",https://x.com/MorningWire/status/1938152754293141811,[]
2025-06-26T14:46:25.000Z,"ICYMI: Therapy student 
@naomieppsbest
 blows the whistle on mandatory training in smut. 
@maireadelordi
 reports.",https://x.com/MorningWire/status/1938247484267970876,[]
2025-06-26T11:55:57.000Z,Ted Cruz Exposes China’s Plot To Undermine American Energy: ‘A Coordinated Assault’,https://x.com/BrentScher/status/1938204582204563727,"['https://www.dailywire.com/news/ted-cruz-exposes-chinas-plot-to-undermine-american-energy-a-coordinated-assault', 'https://www.dailywire.com/news/ted-cruz-exposes-chinas-plot-to-undermine-american-energy-a-coordinated-assault']"
2025-06-25T21:24:00.000Z,Outlets like CNN and NYT are INTENTIONALLY misconstruing intelligence to fit a false narrative.,https://x.com/StevenCheung47/status/1937985150534791390,"['https://www.dailywire.com/news/cnn-misconstruing-intelligence-to-undermine-successful-u-s-strike-in-iran-trump-officials-say', 'https://www.dailywire.com/news/cnn-misconstruing-intelligence-to-undermine-successful-u-s-strike-in-iran-trump-officials-say']"
2025-06-25T21:06:50.000Z,"Administration officials tell 
@realDailyWire
 that legacy outlets such as CNN/NYT are claiming the U.S. military strikes failed to destroy Iran's nuclear program in efforts to undermine President Donald Trump's success bringing peace in the Middle East.",https://x.com/MaryMargOlohan/status/1937980832024510821,"['https://www.dailywire.com/news/cnn-misconstruing-intelligence-to-undermine-successful-u-s-strike-in-iran-trump-officials-say', 'https://www.dailywire.com/news/cnn-misconstruing-intelligence-to-undermine-successful-u-s-strike-in-iran-trump-officials-say']"
2025-06-25T19:56:48.000Z,"EXCLUSIVE: Hamas is surveilling and preparing for attacks on American contractors helping distribute aid in Gaza.

My latest:",https://x.com/KassyAkiva/status/1937963207257121062,"['https://www.dailywire.com/news/hamas-is-preparing-attacks-on-american-contractors-helping-distribute-aid-in-gaza', 'https://www.dailywire.com/news/hamas-is-preparing-attacks-on-american-contractors-helping-distribute-aid-in-gaza']"
2025-06-25T19:34:05.000Z,"Hard truths from the New Jerusalem reappear in 
@realDailyWire
 :",https://x.com/andrewklavan/status/1937957487648395696,"['https://www.dailywire.com/news/the-road-to-disaster?author=Andrew+Klavan&category=undefined&elementPosition=1&row=3&rowHeadline=Latest+News&rowType=Vertical+Carousel&title=The+Road+To+Disaster', 'https://www.dailywire.com/news/the-road-to-disaster?author=Andrew+Klavan&category=undefined&elementPosition=1&row=3&rowHeadline=Latest+News&rowType=Vertical+Carousel&title=The+Road+To+Disaster']"
2025-06-25T16:49:53.000Z,"NEW: 
@realBrandonGill
 will today introduce legislation barring abortionists from dumping aborted baby remains into public water systems, calling the practice "" careless discard of human body parts"" signifying ""depraved disregard for the sanctity of life.""",https://x.com/MaryMargOlohan/status/1937916165944148143,"['https://www.dailywire.com/news/exclusive-bill-would-block-abortionists-from-flushing-baby-remains-into-public-water-systems', 'https://www.dailywire.com/news/exclusive-bill-would-block-abortionists-from-flushing-baby-remains-into-public-water-systems']"
2025-06-25T15:11:12.000Z,"NEW op-ed in 
@realDailyWire
 from me & 
@ChoooCole
:

Planned Parenthood kills 1,100+ preborn children every day and now they’re sterilizing teens for profit too

Congress sends them over $2M a day. Enough - defund them now!",https://x.com/LilaGraceRose/status/1937891330434506901,"['https://www.dailywire.com/news/after-raking-in-800m-in-taxpayer-dollars-planned-parenthood-now-offers-trans-services', 'https://www.dailywire.com/news/after-raking-in-800m-in-taxpayer-dollars-planned-parenthood-now-offers-trans-services']"
2025-06-25T16:09:55.000Z,"NEW: 
@PAAUNOW
 activists confront DC abortionist Cesare Santangelo outside his Foggy Bottom abortion clinic, where in 2022 they recovered the bodies of 5 premie sized aborted babies (and the bodies of many more smaller babies) on their way to be incinerated in Baltimore.",https://x.com/MaryMargOlohan/status/1937906108297019617,[]
2025-06-25T00:51:28.000Z,Trump shared a video of the B-2 bomber with the “Bomb Iran” parody of The Beach Boys’ “Barbara Ann” tonight.,https://x.com/KassyAkiva/status/1937674971268153778,[]
2025-06-24T21:23:46.000Z,"In honor of NYC's mayoral primary tonight... here are 5 of the CRAZIEST policy proposals from candidates.

I hope you're ready. ",https://x.com/realDailyWire/status/1937622704607154440,[]
2025-06-24T21:23:49.000Z,"5/ Maybe the Worst: $65 Million to Trans the Kids

In addition to copying the communist playbook, Zohran Mamdani wants to spend millions on “gender-affirming” surgeries for adults & children.

He also will investigate hospitals that ""deny trans youth their rightful healthcare.""",https://x.com/realDailyWire/status/1937622717643075689,[]
2025-06-24T21:23:50.000Z,"Hey New York, are you okay?",https://x.com/realDailyWire/status/1937622720268959805,"['https://www.dailywire.com/news/here-are-the-top-five-craziest-policy-proposals-from-nyc-mayor-candidates', 'https://www.dailywire.com/news/here-are-the-top-five-craziest-policy-proposals-from-nyc-mayor-candidates']"
2025-06-24T18:35:04.000Z,".
@BishopBurbidge
, head of the DC-area diocese of Arlington, celebrates the 3rd anniversary of the overturn of Roe: ""Human rights can never be put to a vote. Human rights come from God, our loving creator, and no true human right derives its legitimacy from a majority vote.""",https://x.com/MaryMargOlohan/status/1937580247257395526,[]
2025-06-24T15:50:49.000Z,"June 24, 2022: the historic day that the United States Supreme Court overturned Roe v. Wade.",https://x.com/MaryMargOlohan/status/1937538914249519416,[]
2025-06-24T14:20:53.000Z,A Georgetown University professor expressed his “hope” that Iran would strike an American military base — he got his wish.,https://x.com/realDailyWire/status/1937516281856688394,"['https://www.dailywire.com/news/georgetown-prof-expressed-hope-iran-would-strike-u-s-base-he-got-his-wish?author=Sam+Korkus&category=undefined&elementPosition=5&row=3&rowHeadline=Latest+News&rowType=Vertical+Carousel&title=Georgetown+Prof+Expressed+%E2%80%98Hope%E2%80%99+Iran+Would+Strike+U.S.+Base.+He+Got+His+Wish', 'https://www.dailywire.com/news/georgetown-prof-expressed-hope-iran-would-strike-u-s-base-he-got-his-wish?author=Sam+Korkus&category=undefined&elementPosition=5&row=3&rowHeadline=Latest+News&rowType=Vertical+Carousel&title=Georgetown+Prof+Expressed+%E2%80%98Hope%E2%80%99+Iran+Would+Strike+U.S.+Base.+He+Got+His+Wish']"
2025-06-24T11:26:27.000Z,"For those of you just waking up, here's what you missed:

Overnight, Iran fired seven missile barrages at Israel, one of which killed four civilians in Be'er Sheva after a missile struck a large residential building.

One of the barrages came three hours after President Trump",https://x.com/KassyAkiva/status/1937472385877180490,[]
2025-06-24T11:59:31.000Z,"Here is the timeline of what happened:

1. Trump announces a ceasefire yesterday, giving 6 hours for both sides to wrap up their operations.

2. Israel starts to bomb Iran heavily.

3. Iran shoots 5 missile barrages at Israel, one of which killed 4 people.

4. Trump’s deadline",https://x.com/KassyAkiva/status/1937480705149370455,[]
2025-06-24T03:33:52.000Z,"A fourth Iranian missile barrage incoming.

About a minute after Israel gives the all-clear for civilians to leave shelters, they shoot another.",https://x.com/KassyAkiva/status/1937353455066026297,[]
2025-06-24T03:23:01.000Z,The latest Iranian missile barrages killed three people.,https://x.com/KassyAkiva/status/1937350724242837714,[]
2025-06-23T23:21:11.000Z,The 12 Day War is Over. Michael Reacts.,https://x.com/MKnowlesShow/status/1937289864044790134,[]
2025-06-23T22:30:26.000Z,"BREAKING: Trump Announces ‘Complete And Total Ceasefire’ Between Israel and Iran, from  
@KassyAkiva",https://x.com/timerice1/status/1937277094607937670,"['https://www.dailywire.com/news/breaking-trump-announces-complete-and-total-ceasefire-between-israel-and-iran', 'https://www.dailywire.com/news/breaking-trump-announces-complete-and-total-ceasefire-between-israel-and-iran']"
2025-06-23T22:17:15.000Z,"BREAKING: President Trump announces that there will be a ""complete and total CEASEFIRE"" between Israel and Iran",https://x.com/realDailyWire/status/1937273776078565745,[]
2025-06-23T21:52:13.000Z,Iran just launched a pathetically feeble response to President Trump's destruction of their nuclear program...a response so pathetic they had to coordinate it in advance with America and Qatar. Absolutely amazing.,https://x.com/benshapiro/status/1937267476380676463,[]
2025-06-23T21:25:22.000Z,"Iran Goes Full Baghdad Bob, Claims Attack ‘Destroyed’ U.S. Air Base In Qatar",https://x.com/realDailyWire/status/1937260719289798852,"['https://www.dailywire.com/news/live-updates-israel-strikes-iran?topStoryPosition=undefined&author=Daily+Wire&category=News&elementPosition=0&row=1&rowHeadline=Top+Stories&rowType=Top+Stories&title=LIVE+UPDATES%3A+U.S.+Air+Defenses+Intercept+Iranian+Missiles+In+Qatar', 'https://www.dailywire.com/news/live-updates-israel-strikes-iran?topStoryPosition=undefined&author=Daily+Wire&category=News&elementPosition=0&row=1&rowHeadline=Top+Stories&rowType=Top+Stories&title=LIVE+UPDATES%3A+U.S.+Air+Defenses+Intercept+Iranian+Missiles+In+Qatar']"
2025-06-23T20:51:23.000Z,,https://x.com/realDailyWire/status/1937252167380828369,[]
2025-06-23T20:19:02.000Z,Trump thanks Emir of Qatar:,https://x.com/realDailyWire/status/1937244023627936156,[]
2025-06-23T20:08:06.000Z,"NEW: Trump says that it is ""time for peace.""",https://x.com/KassyAkiva/status/1937241273582120967,[]
2025-06-23T19:59:09.000Z,"Trump on Iran's response: ""A very weak response, which we expected, and have very effectively countered...NO Americans were harmed and hardly any damage was done.""",https://x.com/realDailyWire/status/1937239020871856183,[]
2025-06-23T19:24:02.000Z,Saudi Arabia Condemns Iranian Attack On U.S. Base: 'Cannot Be Justified',https://x.com/realDailyWire/status/1937230183985029287,"['https://www.dailywire.com/news/live-updates-israel-strikes-iran?topStoryPosition=undefined&author=Daily+Wire&category=News&elementPosition=0&row=1&rowHeadline=Top+Stories&rowType=Top+Stories&title=LIVE+UPDATES%3A+U.S.+Air+Defenses+Intercept+Iranian+Missiles+In+Qatar', 'https://www.dailywire.com/news/live-updates-israel-strikes-iran?topStoryPosition=undefined&author=Daily+Wire&category=News&elementPosition=0&row=1&rowHeadline=Top+Stories&rowType=Top+Stories&title=LIVE+UPDATES%3A+U.S.+Air+Defenses+Intercept+Iranian+Missiles+In+Qatar']"
2025-06-23T18:24:42.000Z,"New York mayoral hopeful Zohran Mamdani would go all-in on transing the kids, to the tune of $65 million.

He promised to ""investigate and hold public hearings on hospitals that deny trans youth their rightful healthcare and hold them accountable.""",https://x.com/realDailyWire/status/1937215251725893910,"['https://www.dailywire.com/news/new-york-mayoral-hopeful-would-go-all-in-on-transing-the-kids-to-the-tune-of-65-million?author=Virginia+Kruta&category=undefined&elementPosition=0&row=3&rowHeadline=Latest+News&rowType=Vertical+Carousel&title=New+York+Mayoral+Hopeful+Would+Go+All-In+On+Transing+The+Kids%2C+To+The+Tune+Of+%2465+Million', 'https://www.dailywire.com/news/new-york-mayoral-hopeful-would-go-all-in-on-transing-the-kids-to-the-tune-of-65-million?author=Virginia+Kruta&category=undefined&elementPosition=0&row=3&rowHeadline=Latest+News&rowType=Vertical+Carousel&title=New+York+Mayoral+Hopeful+Would+Go+All-In+On+Transing+The+Kids%2C+To+The+Tune+Of+%2465+Million']"
2025-06-23T18:22:19.000Z,"No American troops were killed or wounded in Iran's attack on a U.S. military base in Qatar, a U.S. official told Fox News.

Iran reportedly gave the Trump administration a heads-up before firing a barrage of missiles at the Al Udeid Air Base.",https://x.com/realDailyWire/status/1937214653584585159,[]
2025-06-23T18:19:37.000Z,"An Iranian general, just today, said that Americas warships and bases in the Middle East “will be annihilated in the blink of an eye.”

And then they did this.",https://x.com/BrentScher/status/1937213973650178157,"['https://www.dailywire.com/news/iranian-general-makes-absurd-boasts-calls-for-chopping-off-trumps-hand', 'https://www.dailywire.com/news/iranian-general-makes-absurd-boasts-calls-for-chopping-off-trumps-hand']"
2025-06-23T17:45:39.000Z,"DOD official tells 
@realDailyWire
:  “I can confirm that al Udeid Air Base was attacked by short-range and medium-range, ballistic missiles originating from Iran today at this time there are no reports of US casualties. We are monitoring the situation closely and will provide more",https://x.com/MaryMargOlohan/status/1937205424110854276,[]
2025-06-23T02:46:03.000Z,"This is the Chief Justice of the Iranian regime threatening Trump with a “fiery response,” adding that he will be “consigned to the trashcan of history like his predecessors.”

He also says that America “must await severe punishment.”",https://x.com/KassyAkiva/status/1936979033050202440,[]
2025-06-23T17:30:06.000Z,"The New York Times reports that Iran coordinated its attack on the U.S. airbase in Qatar with Qatari officials and provided advance warning.

According to the Times' source, Iran sought to deliver a symbolic response to President Trump’s strike on Iranian nuclear sites, while",https://x.com/realDailyWire/status/1937201509982437572,[]
2025-06-23T17:25:24.000Z,"Qatar's Ministry of Defense says it ""successfully intercepted an Iranian missile attack targeting Al-Udeid Air Base.""",https://x.com/realDailyWire/status/1937200328299934112,"['https://www.dailywire.com/news/live-updates-israel-strikes-iran?topStoryPosition=undefined&author=Daily+Wire&category=News&elementPosition=0&row=1&rowHeadline=Top+Stories&rowType=Top+Stories&title=LIVE+UPDATES%3A+U.S.+Military+Preparing+for+%E2%80%98Imminent%E2%80%99+Iranian+Attack+On+Qatar+Airbase', 'https://www.dailywire.com/news/live-updates-israel-strikes-iran?topStoryPosition=undefined&author=Daily+Wire&category=News&elementPosition=0&row=1&rowHeadline=Top+Stories&rowType=Top+Stories&title=LIVE+UPDATES%3A+U.S.+Military+Preparing+for+%E2%80%98Imminent%E2%80%99+Iranian+Attack+On+Qatar+Airbase']"
2025-06-23T17:13:36.000Z,Iran Calls Attack On U.S. Bases 'Operation Fatah's Blessing',https://x.com/realDailyWire/status/1937197358439366679,"['https://www.dailywire.com/news/live-updates-israel-strikes-iran?topStoryPosition=undefined&author=Daily+Wire&category=News&elementPosition=0&row=1&rowHeadline=Top+Stories&rowType=Top+Stories&title=LIVE+UPDATES%3A+U.S.+Military+Preparing+for+%E2%80%98Imminent%E2%80%99+Iranian+Attack+On+Qatar+Airbase', 'https://www.dailywire.com/news/live-updates-israel-strikes-iran?topStoryPosition=undefined&author=Daily+Wire&category=News&elementPosition=0&row=1&rowHeadline=Top+Stories&rowType=Top+Stories&title=LIVE+UPDATES%3A+U.S.+Military+Preparing+for+%E2%80%98Imminent%E2%80%99+Iranian+Attack+On+Qatar+Airbase']"
2025-06-23T17:00:21.000Z,"Iranian missiles have been reportedly shot at U.S. bases in Qatar.

Air defenses were reportedly activated at the U.S.'s Ain al-Assad airbase in Iraq.

 Sirens are reportedly going off in Bahrain and Kuwait.",https://x.com/KassyAkiva/status/1937194024101642338,[]
2025-06-23T16:51:55.000Z, Footage of Iranian missiles in Qatar,https://x.com/realDailyWire/status/1937191904405319733,[]
2025-06-23T16:36:48.000Z,"Amen.

Cheers to 
@AFergusonFTC
.",https://x.com/mrddmia/status/1937188097675919404,[]
2025-06-23T16:48:25.000Z,"NEW: The White House and DOD are aware of, and closely monitoring, potential threats to Al Udeid Air Base in Qatar, a senior White House official tells 
@realDailyWire
.",https://x.com/MaryMargOlohan/status/1937191022863266201,[]
2025-06-23T16:45:42.000Z,"BREAKING: Six missiles launched at U.S. bases in Qatar, per Axios",https://x.com/realDailyWire/status/1937190340114457008,"['https://www.dailywire.com/news/live-updates-israel-strikes-iran?topStoryPosition=undefined&author=Daily+Wire&category=News&elementPosition=0&row=1&rowHeadline=Top+Stories&rowType=Top+Stories&title=LIVE+UPDATES%3A+U.S.+Military+Preparing+for+%E2%80%98Imminent%E2%80%99+Iranian+Attack+On+Qatar+Airbase', 'https://www.dailywire.com/news/live-updates-israel-strikes-iran?topStoryPosition=undefined&author=Daily+Wire&category=News&elementPosition=0&row=1&rowHeadline=Top+Stories&rowType=Top+Stories&title=LIVE+UPDATES%3A+U.S.+Military+Preparing+for+%E2%80%98Imminent%E2%80%99+Iranian+Attack+On+Qatar+Airbase']"
2025-06-23T16:43:37.000Z,"Explosions are being heard in Doha, Qatar right now.",https://x.com/KassyAkiva/status/1937189812462637258,[]
2025-06-23T16:41:35.000Z,"BREAKING: Six missiles launched at U.S. bases in Qatar, per Axios.",https://x.com/KassyAkiva/status/1937189301944525144,[]
2025-06-23T16:36:37.000Z,"A federal judge ordered the release of Kilmar Abrego Garcia — but she might wind up getting him deported all over again. 
@TriciaOhio
 tells 
@realDailyWire
 that Abrego Garcia is a criminal illegal alien who ""will never go free on American soil.""",https://x.com/SpencerLndqst/status/1937188051165347882,"['https://www.dailywire.com/news/judge-orders-release-of-maryland-man-but-the-illegal-alien-could-be-deported-again', 'https://www.dailywire.com/news/judge-orders-release-of-maryland-man-but-the-illegal-alien-could-be-deported-again']"
2025-06-23T16:02:57.000Z,"NEW: Qatar just temporarily closed its airspace and the U.S. Embassy is instructing American citizens to shelter in place.

This comes as Iran continues to threaten American assets in the Middle East. Reminder: Qatar is home to the largest U.S. military base in the region.",https://x.com/KassyAkiva/status/1937179580533510269,[]
2025-06-23T15:22:51.000Z,"FTC just got 2 of the biggest ad firms in the world to commit to end collusion on viewpoint discrimination in ad placements and to cooperate in investigations into past viewpoint discrimination. Assuming enforcement has teeth, this is a major win for monetization of free speech.",https://x.com/MikeBenzCyber/status/1937169486693437741,[]
2025-06-23T15:22:59.000Z,EXCLUSIVE: Trump FTC Secures Landmark Agreement to End Political Collusion in Advertising Industry,https://x.com/realDailyWire/status/1937169520331997575,"['https://www.dailywire.com/news/exclusive-trump-ftc-secures-landmark-agreement-to-end-political-collusion-in-advertising-industry', 'https://www.dailywire.com/news/exclusive-trump-ftc-secures-landmark-agreement-to-end-political-collusion-in-advertising-industry']"
2025-06-23T14:47:44.000Z,"MASSIVE NEWS: Trump's FTC just made a deal with the world's largest ad firms that it believes is a nail in the coffin for collusion against conservatives. 

To convince the FTC not to stop a merger, the two ad giants are making big promises to make sure GARM never happens again.",https://x.com/BrentScher/status/1937160649789829449,[]
2025-06-23T03:36:57.000Z,Expert Details Iran’s Routes To Retaliation Against United States: ‘Wash Away Blood With Blood’,https://x.com/realDailyWire/status/1936991841192169484,"['https://www.dailywire.com/news/expert-details-irans-routes-to-retaliation-against-u-s-wash-away-blood-with-blood', 'https://www.dailywire.com/news/expert-details-irans-routes-to-retaliation-against-u-s-wash-away-blood-with-blood']"
2025-06-23T00:59:39.000Z,"On sleeper cells: senior White House official tells 
@realDailyWire
 that they’re staying vigilant and the administration will use all resources available to protect both the U.S. and our assets abroad.",https://x.com/MaryMargOlohan/status/1936952258370896079,[]
2025-06-23T00:33:27.000Z,"The LA County Sheriff’s office calls the strikes on Iran a “tragic event,” saying: “our hearts go out to the victims and families impacted by the recent bombings in Iran.”",https://x.com/MaryMargOlohan/status/1936945663234723880,[]
2025-06-23T00:11:46.000Z,"The State Department has issued a “Worldwide Caution Security Alert” following the strikes on Iran:

“The conflict between Israel and Iran has resulted in disruptions to travel and periodic closure of airspace across the Middle East.  There is the potential for demonstrations",https://x.com/MaryMargOlohan/status/1936940206596162013,[]
2025-06-22T23:59:07.000Z,"Iran's Foreign Minister Abbas Araghchi has landed in Russia to 'rally the world against Israel,' per Iranian media.",https://x.com/KassyAkiva/status/1936937023538901033,[]
2025-06-22T23:35:50.000Z,"On a SPECIAL BREAKING NEWS EPISODE of the show today

President Trump launches a historic, courageous bombing raid against Iran’s nuclear facilities…

And we examine what that means for America, Israel, and the world…

THANK YOU PRESIDENT TRUMP!

We’re starting RIGHT NOW—watch",https://x.com/benshapiro/status/1936931165350346839,[]
2025-06-22T23:18:26.000Z,"Thank you, Mr. President, for restoring Peace Through Strength! There has never been a president in my lifetime with 
@realDonaldTrump
’s spine.",https://x.com/benshapiro/status/1936926784202650037,[]
2025-06-22T20:45:00.000Z,"Tennessee Attorney General Jonathan Skrmetti 
@AGTennessee
 and patient advocate Chloe Cole 
@ChoooCole
 join us on the day the Supreme Court released its landmark decision upholding Tennessee’s ban on transgender medical procedures for minors.",https://x.com/MorningWire/status/1936888172358619604,[]
2025-06-22T18:44:33.000Z,"We speak with Missouri Senator 
@Eric_Schmitt
 about what he calls a scandal “bigger than Watergate.” He joins us to unpack the Senate’s explosive investigation into President Biden’s cognitive state and the media’s alleged role in concealing it.",https://x.com/MorningWire/status/1936857861487002096,[]
2025-06-22T14:29:06.000Z,JD Vance: “We destroyed the Iranian nuclear program ... without endangering the lives of American pilots.”,https://x.com/realDailyWire/status/1936793572034105811,[]
2025-06-22T14:14:48.000Z,"Iran’s Parliament reportedly approved closing the Strait of Hormuz.

The 90-mile chokepoint is the only sea route from the Persian Gulf to the open ocean. About 1/5 of global oil consumption passes through it.

The decision rests with Iran’s Supreme National Security Council.",https://x.com/KassyAkiva/status/1936789975078453288,[]
2025-06-22T13:01:35.000Z,Hegseth: We believe we achieved destruction of Fordo.,https://x.com/KassyAkiva/status/1936771551006957799,[]
2025-06-22T12:23:39.000Z,"Hegseth: 

“Just like Soleimani found out in the first term, Iran found out: when the POTUS says 60 days — that he seeks peace and negotiations — he means 60 days of peace and negotiation. 

Otherwise, that nuclear program, that nuclear capability, will not exist. He meant it.”",https://x.com/KassyAkiva/status/1936762001805484056,[]
2025-06-22T12:21:51.000Z,".
@SecDef
: ""I want to recognize the pilots who flew those bombers, who flew those fighters, who flew those refuelers. Warriors. I want to recognize the sailors on those destroyers in those subs on those carriers. Warriors, all of them. I want to recognize our soldiers doing air",https://x.com/MaryMargOlohan/status/1936761549768536532,[]
2025-06-22T12:18:26.000Z,"NEWS: Secretary Pete Hegseth says the U.S. strike on Iran’s nuclear program was “an incredible and overwhelming success.”

He calls Trump’s order “focused, powerful, and clear” and says Iran’s nuclear ambitions have been “obliterated.”",https://x.com/KassyAkiva/status/1936760690649579592,[]
2025-06-22T12:13:05.000Z,"PENTAGON: Iranian strike operation was called ""Operation Midnight Hammer.""",https://x.com/MaryMargOlohan/status/1936759345523421550,[]
2025-06-22T05:22:38.000Z,President Trump watching the U.S. military use its bunker buster bombs on Iranian nuclear facilities from the Situation Room earlier tonight.,https://x.com/KassyAkiva/status/1936656050100273421,[]
2025-06-22T03:04:24.000Z,"DNI spox confirms to 
@realDailyWire
 tonight that Tulsi Gabbard was in the situation room monitoring the Iran strikes.",https://x.com/MaryMargOlohan/status/1936621264971428154,[]
2025-06-22T03:23:12.000Z,"In Address To Nation, Trump Warns Iran To Make Peace Or Face His Wrath

Report from ⁦
@MaryMargOlohan
⁩",https://x.com/realDailyWire/status/1936625995030691927,"['https://www.dailywire.com/news/in-address-to-nation-trump-warns-iran-to-make-peace-or-face-his-wrath', 'https://www.dailywire.com/news/in-address-to-nation-trump-warns-iran-to-make-peace-or-face-his-wrath']"
2025-06-22T03:22:54.000Z,"PHOTOS: Trump, Top Officials Monitor Strike On Iran From Situation Room",https://x.com/realDailyWire/status/1936625917758943648,"['https://www.dailywire.com/news/photos-trump-top-officials-monitor-strike-on-iran-from-situation-room', 'https://www.dailywire.com/news/photos-trump-top-officials-monitor-strike-on-iran-from-situation-room']"
Unknown,"At 
@Waymo
, safety is at the core of everything we do. In partnership with 
@BikeLeague
, we’re building a future where the roads are safer for everyone, including cyclists, pedestrians, and other vulnerable road users.",https://x.com/WaymoCommunity/status/1935391318005465364/analytics,[]
2025-06-22T02:33:13.000Z,President Trump's full address to the nation tonight:,https://x.com/realDailyWire/status/1936613415231123555,[]
2025-06-22T02:25:06.000Z,"President Trump: ""This cannot continue. There will be either peace or tragedy for Iran—far greater than we have witnessed over the last eight days.""",https://x.com/KassyAkiva/status/1936611374458675349,[]
2025-06-22T01:40:35.000Z,"Big, BIG night for Iran news. 
@realDailyWire
 is tracking live, as we have been for over a week. And 
@KassyAkiva
 is fresh back from Shabbat — tanned, rested, and ready to report. Head over to our liveblog for all the news you need to know.",https://x.com/timerice1/status/1936600170386411916,"['https://www.dailywire.com/news/live-updates-israel-strikes-iran', 'https://www.dailywire.com/news/live-updates-israel-strikes-iran']"
2025-06-22T02:14:51.000Z,"President Trump: ""I want to thank everybody and in particular, God. I want to just say we love you, God, and we love our great military, protect them. God bless the Middle East, God bless Israel and God bless America.""",https://x.com/MaryMargOlohan/status/1936608791870796128,[]
2025-06-22T02:09:24.000Z,"President Trump: 

""Tonight I can report to the world that the strikes were a spectacular military success. Iran's key nuclear facilities have been completely and totally obliterated.""",https://x.com/KassyAkiva/status/1936607420068856087,[]
2025-06-22T02:01:56.000Z,"Daily Wire is live for Trump’s address, with commentary from 
@michaeljknowles",https://x.com/BrentScher/status/1936605542446698870,[]
2025-06-22T02:00:27.000Z,"President Trump is addressing the nation following U.S. airstrikes on Iran’s nuclear facilities at Fordow, Natanz, and Isfahan. 
@michaeljknowles
 reacts live immediately after the address.",https://x.com/realDailyWire/status/1936605170156101720,[]
2025-06-22T01:51:57.000Z,".
@AOC
 calls for President Trump to be impeached for bombing Iran ""without authorization.""",https://x.com/MaryMargOlohan/status/1936603028708082160,[]
2025-06-22T01:16:44.000Z,Are you surprised?,https://x.com/michaeljknowles/status/1936594167217664056,[]
Unknown,If you’re hunting for good news here’s something: Talkspace therapy is covered by most insurance plans and the average copay is only $15 (but most covered members pay $0).,https://x.com/talkspace/status/1902723380148572624/analytics,[]
2025-06-22T01:40:18.000Z,"If you haven’t been following it yet, I can’t recommend our live blog coverage enough

Our 
@realDailyWire
 reporters, as they have been since the night Israel first struck on June 12, have all the news you need to know:",https://x.com/BrentScher/status/1936600098437304796,"['https://www.dailywire.com/news/live-updates-israel-strikes-iran', 'https://www.dailywire.com/news/live-updates-israel-strikes-iran']"
2025-06-22T01:27:43.000Z,"The United States gave Israel a heads up before the strikes on Iran took place, a senior White House official confirms to 
@realDailyWire
.  POTUS also spoke with Prime Minister Netanyahu after the strikes.",https://x.com/MaryMargOlohan/status/1936596932690149695,[]
2025-06-22T01:03:18.000Z,"Leader Thune was also briefed ahead of the bombings, source familiar confirms.",https://x.com/MaryMargOlohan/status/1936590787648893385,[]
2025-06-22T01:00:47.000Z,"Speaker Mike Johnson was briefed ahead of the U.S. strikes on Iran, 
@realDailyWire
 confirms.",https://x.com/MaryMargOlohan/status/1936590153688195431,[]
2025-06-22T00:23:58.000Z,"On Fox, 
@JenGriffinFNC
 says that she is reporting from the Pentagon and the halls are mostly empty, points out that the information on the bombings is coming straight from the White House + the admin has been incredibly tight lipped on the topic for the last few days, no leaks.",https://x.com/MaryMargOlohan/status/1936580889590325545,[]
2025-06-22T00:22:49.000Z,President Trump will address the nation from the White House at 10PM ET,https://x.com/realDailyWire/status/1936580598748926408,[]
2025-06-22T00:14:29.000Z,The White House also called a lid at about 6:45.,https://x.com/MaryMargOlohan/status/1936578502456725991,[]
2025-06-22T00:15:56.000Z,"NEW: President Trump will address the nation at 10 pm tonight following his ""very successful military operation in Iran.""",https://x.com/MaryMargOlohan/status/1936578868715946035,[]
2025-06-21T23:52:39.000Z,President Donald Trump: “We have completed our very successful attack on the three nuclear sites in Iran”,https://x.com/MaryMargOlohan/status/1936573007239254205,[]
2025-06-21T18:54:11.000Z,"MUST READ: America’s Largest Medical Association Sides With Child Mutilation After SCOTUS Ruling

“The American Medical Association's new president Dr. Bobby Mukkamala said the ruling was ""harmful government interference.""” Via 
@realDailyWire
 
 https://dailywire.com/news/americas-largest-medical-association-sides-with-child-mutilation-after-scotus-ruling…",https://x.com/SteveGuest/status/1936497896523812927,['https://www.dailywire.com/news/americas-largest-medical-association-sides-with-child-mutilation-after-scotus-ruling']
2025-06-21T13:51:21.000Z,NEW: America’s Largest Medical Association Sides With Child Mutilation After SCOTUS Ruling,https://x.com/realDailyWire/status/1936421685978169616,"['https://www.dailywire.com/news/americas-largest-medical-association-sides-with-child-mutilation-after-scotus-ruling', 'https://www.dailywire.com/news/americas-largest-medical-association-sides-with-child-mutilation-after-scotus-ruling']"
2025-06-20T23:50:28.000Z,"Our 
@MaryMargOlohan
 making some waves with her questions for 
@JDVance
 in Los Angeles",https://x.com/realDailyWire/status/1936210072176119836,[]
2025-06-20T23:37:52.000Z,".
@VP
 tells me in LA: ""I would absolutely say that Gavin Newsom is endangering law enforcement. The law enforcement officials tell me as much.""",https://x.com/MaryMargOlohan/status/1936206899474731210,[]
2025-06-20T23:14:13.000Z,"Florida State Senator 
@JayCollinsFL
 has spent six days helping Americans evacuate Israel amid the country’s conflict with Iran.

He is teaming up with 
@greybullrescue
 and says there are just under 5,000 Americans on the list to leave.",https://x.com/KassyAkiva/status/1936200949867126897,"['https://www.dailywire.com/news/get-our-people-home-florida-lawmaker-combat-vet-help-thousands-american-evacuate-israel', 'https://www.dailywire.com/news/get-our-people-home-florida-lawmaker-combat-vet-help-thousands-american-evacuate-israel']"
2025-06-20T22:58:50.000Z,"Ahead of his presser in Los Angeles, Vice President Vance speaks with marines at the Federal Building Command Center.",https://x.com/MaryMargOlohan/status/1936197075861213290,[]
2025-06-20T21:38:10.000Z,"Cry harder, liberals.",https://x.com/realDailyWire/status/1936176776809758721,[]
2025-06-20T22:08:54.000Z,You're gonna need something to hold all those tears ,https://x.com/realDailyWire/status/1936184510464340437,"['https://store.dailywire.com/collections/daily-wire/products/leftist-tears-tumbler-1', 'https://store.dailywire.com/collections/daily-wire/products/leftist-tears-tumbler-1']"
Unknown,"Crypto finance teams deserve better tools.

Today we’re launching 
@CoinTrackerEnt
 — the first crypto subledger built for accuracy, scale, and delight.

For finance teams tired of spreadsheets and broken tools:",https://x.com/ChandanGLodha/status/1925206496553705623/analytics,[]
2025-06-20T21:35:38.000Z,"Awaiting 
@VP
’s 3pm PT presser.",https://x.com/MaryMargOlohan/status/1936176137753055560,[]
2025-06-20T20:57:23.000Z,"Vice President Vance has arrived in Los Angeles!! We’re on our way to the Federal Building Command Center, an FBI Mobile Command Center that ICE is currently using.",https://x.com/MaryMargOlohan/status/1936166514216124628,[]
2025-06-20T15:43:59.000Z,".
@VP
 has arrived at JBA, no questions before boarding. We’re wheels up for Los Angeles momentarily!",https://x.com/MaryMargOlohan/status/1936087642950492257,[]
Unknown,The 2x Ether ETF (Ticker: ETHU) is a leveraged ether-linked ETF. ETHU seeks to benefit from increases in the price of Ether. Learn more about ETHU today. ETHU invests in ether futures and does not invest directly in spot ether.,https://x.com/VolShares/status/1797868055353332174/analytics,[]
2025-06-20T14:20:03.000Z,"NEW: VP Vance will travel to LA today where he will “tour a multi-agency Federal Joint Operations Center, a Federal Mobile Command Center, meet with leadership and Marines, and deliver brief remarks,” per the VP’s office. I’ll be with him as your print pooler!",https://x.com/MaryMargOlohan/status/1936066519785427450,[]
2025-06-20T00:18:43.000Z,Jewish Congressman ‘Run Off The Road’ By ‘Deranged’ Man Who Waved Palestinian Flag,https://x.com/realDailyWire/status/1935854793223754190,"['https://www.dailywire.com/news/jewish-congressman-run-off-the-road-by-deranged-man-who-waved-palestinian-flag', 'https://www.dailywire.com/news/jewish-congressman-run-off-the-road-by-deranged-man-who-waved-palestinian-flag']"
2025-06-19T23:26:37.000Z,...let's just say Trump saw our Juneteenth video.,https://x.com/realDailyWire/status/1935841681590350279,[]
2025-06-19T22:03:20.000Z,"This is what the ChatGPT robots told a 14 year old seeking an illegal abortion in Tennessee

""I know this is overwhelming — but you have options, and there are people who will help you without judgment, cost, or needing your parents’ permission""",https://x.com/BrentScher/status/1935820721042620582,[]
2025-06-19T22:21:37.000Z,Here are the best ways to celebrate Juneteenth! ,https://x.com/realDailyWire/status/1935825324148744220,[]
2025-06-18T21:20:48.000Z,"Today, the highest court in the land ruled on the bill I sponsored to protect children from irreversible and unproven medical procedures under the guise of “gender-affirming care -- and it got it right.

More in my exclusive for 
@DailyWire
:",https://x.com/SenJohnson/status/1935447628486934649,"['https://www.dailywire.com/news/scotus-says-tennessee-can-protect-kids-from-trans-procedures-other-states-should-follow-our-lead', 'https://www.dailywire.com/news/scotus-says-tennessee-can-protect-kids-from-trans-procedures-other-states-should-follow-our-lead']"
2025-06-19T17:51:24.000Z,"Karoline Leavitt and 
@MaryMargOlohan
 rip into Jasmine Crockett: 

""I think it's incredibly derogatory to accuse nearly 80 million Americans of mental illness. Last time I checked, Jasmine Crockett couldn't dream of winning such a majority of the public.""",https://x.com/theMRC/status/1935757318915838206,[]
2025-06-19T18:50:25.000Z,"Given that the Iranian government previously ordered an operative to assassinate Trump, 
@MaryMargOlohan
 asks whether there is concern for another attempt on the President's life:
@PressSec
: ""This administration is prepared and ready to defend American interests and assets, not",https://x.com/realDailyWire/status/1935772174217773458,[]
2025-06-19T18:31:57.000Z,".
@MaryMargOlohan
: ""[Jasmine Crockett] said Trump supporters are mentally ill ... can you respond to that, considering she's a rising star in the Democrat Party right now?""
@PressSec
: ""She is a rising star ... I hope that she continues to be, for the Republican Party at least.""",https://x.com/realDailyWire/status/1935767525725245819,[]
2025-06-19T18:10:26.000Z," @PressSec
 says Trump will make a decision on Iran in the next two weeks:

""Based on the fact that there's a substantial chance of negotiations that may or may not take place with Iran in the near future, I will make my decision whether or not to go within the next two weeks.""",https://x.com/realDailyWire/status/1935762112405463355,[]
2025-06-19T17:20:15.000Z,"Read 
@JCNSeverino
 in 
@realDailyWire
: 

Weak Analogies And Emotional Appeals: Sotomayor’s Sloppy Reasoning in Skrmetti",https://x.com/BrentScher/status/1935749481913630958,"['https://www.dailywire.com/news/justice-sotomayors-sloppy-reasoning-in-skrmetti-weak-analogies-and-emotional-appeals', 'https://www.dailywire.com/news/justice-sotomayors-sloppy-reasoning-in-skrmetti-weak-analogies-and-emotional-appeals']"
2025-06-19T17:10:55.000Z,Watch the White House press briefing live as Press Secretary Karoline Leavitt faces questions on Israel's war with Iran as President Donald Trump decides whether the United States will get involved.,https://x.com/realDailyWire/status/1935747131970633892,[]
2025-06-19T10:52:03.000Z,"Trump Explains What Unconditional Surrender Looks Like For Iranian Regime 
@KassyAkiva
 @realDailyWire",https://x.com/continetti/status/1935651789103063401,"['https://www.dailywire.com/news/trump-explains-what-unconditional-surrender-looks-like-for-iranian-regime', 'https://www.dailywire.com/news/trump-explains-what-unconditional-surrender-looks-like-for-iranian-regime']"
2025-06-19T12:30:08.000Z,"NEW: Not only will ChatGPT help kids get abortion pills behind their parents' backs, but it also parrots far-Left lies about crisis pregnancy centers",https://x.com/leif_lemahieu/status/1935676470434636084,"['https://www.dailywire.com/news/ive-got-your-back-read-chatgpts-chilling-instructions-to-young-girl-seeking-covert-abortion', 'https://www.dailywire.com/news/ive-got-your-back-read-chatgpts-chilling-instructions-to-young-girl-seeking-covert-abortion']"
2025-06-18T22:01:25.000Z,"Just set up my page on 
@bluesky
, hope to see you guys there!",https://x.com/JDVance/status/1935457852082016556,[]
Unknown,"The results of our annual central bank survey are out now. Find out how central bankers feel about gold with the key findings in this video, and explore the detail here: http://spr.ly/60114uqPx?twclid=2-4sl8jxssyxb96xc5j5vguxn13",https://x.com/GOLDCOUNCIL/status/1934854786114838961/analytics,['https://www.gold.org/goldhub/research/central-bank-gold-reserves-survey-2025/strategic-considerations-in-reserves-management?utm_source=Twitter&utm_medium=Social&utm_campaign=cb-survey-2025']
2025-06-18T21:18:53.000Z,Americans Want To Prioritize Solving The Root Causes Of Infertility Over IVF: Poll,https://x.com/MaryMargOlohan/status/1935447148272713905,"['https://www.dailywire.com/news/americans-want-to-prioritize-solving-the-root-causes-of-infertility-over-ivf-poll', 'https://www.dailywire.com/news/americans-want-to-prioritize-solving-the-root-causes-of-infertility-over-ivf-poll']"
2025-06-18T19:00:02.000Z,Riley Gaines exposes the WNBA’s hatred of Caitlin Clark #WNBA #caitlinclark #rileygaines,https://x.com/CrainCompany/status/1935412204683280766,[]
2025-06-18T14:38:41.000Z,"Thanks, Matt Walsh and Daily Wire",https://x.com/JoelWBerry/status/1935346435106468282,[]
2025-06-18T19:50:53.000Z,"Riley Gaines, host of ‘Gaines for Girls’ on Outkick, joins me in ‘The Film Room’ to discuss The Blind Side, her pregnancy, and much more.",https://x.com/davidadamcone/status/1935425003568382346,[]
Unknown,"“If you really want to go back to the days of digging latrines and boiling river water, that's an option. And if you do it in games, you get significantly fewer waterborne illnesses. Huzzah!”",https://x.com/Militarydotcom/status/1935042832424919060/analytics,[]
2025-06-18T18:59:23.000Z,"VATICAN CITY—
@benshapiro
 reflects on his experience meeting 
@Pontifex
, today:",https://x.com/breeadail/status/1935412041432400164,[]
2025-06-18T17:31:50.000Z,USAID Gave Known Con Man $800M Contract To Do Kamala’s Work On ‘Root Causes Of Migration’,https://x.com/BrentScher/status/1935390008330043654,"['https://www.dailywire.com/news/usaid-paid-corrupt-contractor-800m-to-do-kamalas-work-on-root-causes-of-migration', 'https://www.dailywire.com/news/usaid-paid-corrupt-contractor-800m-to-do-kamalas-work-on-root-causes-of-migration']"
2025-06-18T17:20:20.000Z,"Justice Barrett states that ""legislatures, not courts,"" are best equipped to deal with transgender policy judgements.",https://x.com/realDailyWire/status/1935387113744163052,[]
2025-06-18T17:04:52.000Z,"For the good of society and especially for the good of the poor people who have fallen prey to this confusion, transgenderism must be eradicated from public life entirely—the whole preposterous ideology, at every level.

Great decision from SCOTUS!",https://x.com/michaeljknowles/status/1935383221107310869,[]
2025-06-18T16:33:48.000Z," At 1:30 ET, Do No Harm will host an X Space on the Supreme Court's decision in U.S. v. Skrmetti, upholding Tennessee's law protecting children from gender ideology!

Featuring: 
@MattWalshBlog
 @ADFLegal
 @ChoooCole
 @Heritage
 @family_policy
https://x.com/i/spaces/1yoKMoEPlVlJQ…",https://x.com/donoharm/status/1935375404241424862,[]
2025-06-18T16:36:52.000Z,"Justice Thomas on U.S. v. Skrmetti: ""Courts should not assume that self-described experts are correct.""",https://x.com/realDailyWire/status/1935376177218109706,[]
2025-06-18T16:32:52.000Z,"JUSTICE ALITO: Transgender people are not ""entitled to a higher level of constitutional scrutiny.""",https://x.com/realDailyWire/status/1935375168647405990,[]
2025-06-18T16:11:09.000Z,We won.,https://x.com/realDailyWire/status/1935369703783866822,[]
2025-06-18T16:08:05.000Z,"NEW from ⁦
@SenJohnson
, who wrote the Tennessee bill that would as just upheld by the Supreme Court.⁩

SCOTUS Says Tennessee Can Protect Kids From Trans Procedures. Other States Should Follow Our Lead.",https://x.com/realDailyWire/status/1935368930165510376,"['https://www.dailywire.com/news/scotus-says-tennessee-can-protect-kids-from-trans-procedures-other-states-should-follow-our-lead', 'https://www.dailywire.com/news/scotus-says-tennessee-can-protect-kids-from-trans-procedures-other-states-should-follow-our-lead']"
2025-06-18T15:29:48.000Z,The children are protected.,https://x.com/realDailyWire/status/1935359298965504097,[]
2025-06-18T14:32:54.000Z,"A big win for reality here against the insane “transgender” agenda! 6-3 decision from SCOTUS upholding TN law banning so-called “gender affirming” surgeries for minors. 

And credit where credit is due: 
@MattWalshBlog
 played a huge role in helping this law pass.",https://x.com/William_E_Wolfe/status/1935344978533683426,[]
2025-06-18T14:38:31.000Z,"President Trump explains what an ""unconditional surrender"" would mean for Iran.

""That means I've had it, I give up... then we go blow up all of the nuclear stuff.""",https://x.com/KassyAkiva/status/1935346390818758810,[]
2025-06-18T14:19:34.000Z,Landmark VICTORY for Tennessee at SCOTUS in defense of America’s children! #Skrmetti,https://x.com/AGTennessee/status/1935341622209790067,[]
2025-06-18T14:38:50.000Z,"Birthday present for 
@MattWalshBlog
??",https://x.com/MaryMargOlohan/status/1935346471760708050,[]
2025-06-18T14:24:01.000Z,The Supreme Court upholds our ban in Tennessee against gender transition procedures for minors. A huge victory. A fatal blow to the child mutilation industry. We won.,https://x.com/MattWalshBlog/status/1935342741564620841,[]
2025-06-18T14:36:30.000Z,"Three years ago, we launched our investigation into Vanderbilt’s child mutilation practices. We rallied in the state capital. Our lawmakers responded with a law banning child mutilation in the state. Today the Supreme Court upheld our law, which means child mutilation can be",https://x.com/MattWalshBlog/status/1935345883769430153,[]
2025-06-18T14:36:35.000Z,"MAJOR WIN: Today, the Supreme Court upheld a Tennessee law prohibiting transgender drugs and surgeries for children.

Tennessee lawmakers were inspired to introduce the law following 
@MattWalshBlog
's explosive investigation into Vanderbilt University’s gender clinic.",https://x.com/realDailyWire/status/1935345905814700219,[]
2025-06-18T14:36:36.000Z,Read more here:,https://x.com/realDailyWire/status/1935345908222214251,"['https://www.dailywire.com/news/supreme-court-upholds-tennessees-ban-on-transgender-drugs-for-children?topStoryPosition=undefined&author=Mairead+Elordi&category=News&elementPosition=1&row=1&rowHeadline=Top+Stories&rowType=Top+Stories&title=Supreme+Court+Upholds+Tennessee%E2%80%99s+Ban+On+Transgender+Drugs+For+Children', 'https://www.dailywire.com/news/supreme-court-upholds-tennessees-ban-on-transgender-drugs-for-children?topStoryPosition=undefined&author=Mairead+Elordi&category=News&elementPosition=1&row=1&rowHeadline=Top+Stories&rowType=Top+Stories&title=Supreme+Court+Upholds+Tennessee%E2%80%99s+Ban+On+Transgender+Drugs+For+Children']"
2025-06-18T14:28:37.000Z,BREAKING: Supreme Court Upholds Tennessee’s Ban On Transgender Drugs For Children,https://x.com/realDailyWire/status/1935343900173934811,"['https://www.dailywire.com/news/supreme-court-upholds-tennessees-ban-on-transgender-drugs-for-children', 'https://www.dailywire.com/news/supreme-court-upholds-tennessees-ban-on-transgender-drugs-for-children']"
2025-06-18T14:26:54.000Z,"Big win for the state of Tennessee — and the nation — by a 6-3 majority the Supreme Court says Tennessee can ban gender transition surgery on minors. Congrats to 
@AGTennessee
 & thanks to 
@MattWalshBlog
 who helped shine a light on how barbaric practice was in his documentary.",https://x.com/ClayTravis/status/1935343468374634861,[]
2025-06-18T13:24:45.000Z,"NEW: 
@GovJanetMills
 refuses to address questions about why she supports men in women’s sports — and her family’s ties to the transgender medicine industry.",https://x.com/MaryMargOlohan/status/1935327826070356377,[]
2025-06-18T02:28:53.000Z,"Col. Nathan McCormack was removed from his position with the Joint Chiefs of Staff for anti-Israel X posts.

They included calling Israel a “death cult” and referring to its government as “Netanyahu and his Judeo-supremacist cronies,” among other things.",https://x.com/KassyAkiva/status/1935162771886198997,"['https://www.dailywire.com/news/pentagon-official-removed-from-joint-chiefs-of-staff-for-anti-israel-posts', 'https://www.dailywire.com/news/pentagon-official-removed-from-joint-chiefs-of-staff-for-anti-israel-posts']"
2025-06-18T10:05:11.000Z,"VATICAN CITY—
@benshapiro
 meets Pope Leo XIV!

More to follow, exclusively for 
@realDailyWire",https://x.com/breeadail/status/1935277603427954996,[]
2025-06-18T12:06:24.000Z,Ayatollah Khamenei has rejected Trump's calls for an unconditional surrender and is threatening the U.S. if it gets involved in the conflict.,https://x.com/KassyAkiva/status/1935308111268720940,[]
2025-06-18T04:13:50.000Z,Trump Has Been Clear For 14 Years That Iran Cannot Have A Nuclear Weapon,https://x.com/realDailyWire/status/1935189187260760330,"['https://www.dailywire.com/news/trump-has-been-clear-for-14-years-that-iran-cannot-have-a-nuclear-weapon', 'https://www.dailywire.com/news/trump-has-been-clear-for-14-years-that-iran-cannot-have-a-nuclear-weapon']"
2025-06-18T00:50:23.000Z,The size of the graft within the permanent bureaucracy boggles the mind.,https://x.com/StephenM/status/1935137985990640086,[]
2025-06-17T22:49:47.000Z,"New poll in on the Iran threat: “80% of Trump voters backed the United States providing the offensive weapons. In addition, the poll found 72% of voters supported the United States taking its own military action targeting Iran to prevent the Iranian regime from developing nuclear",https://x.com/SteveGuest/status/1935107637433024868,[]
2025-06-17T22:24:24.000Z,"""Bullshit,"" said a senior intelligence official close to Tulsi Gabbard when asked about this ""insider"" report.",https://x.com/BrentScher/status/1935101249407377572,[]
2025-06-17T21:53:07.000Z,"It's going to be a long night of Israel coverage. 

I'll be giving updates on 
@realDailyWire
's live blog:",https://x.com/KassyAkiva/status/1935093376421855704,"['https://www.dailywire.com/news/live-updates-israel-strikes-iran', 'https://www.dailywire.com/news/live-updates-israel-strikes-iran']"
2025-06-17T22:04:30.000Z,"Biden's USAID gave a nearly $1 billion contract to the DEI contractor who recently pleaded guilty to bribing USAID officials -- AFTER it knew of the bribery

The money (for ""root causes of migration"") was paid to a home-based business that employs the former USAID administrator",https://x.com/lukerosiak/status/1935096241324798022,[]
2025-06-17T18:30:50.000Z,"Tulsi Gabbard is in the Situation Room with Trump and his team right now, according to a senior intelligence official. 

The meeting was supposed to be earlier, but was shifted to 1 o'clock so that Tulsi could attend, the official says. She was testifying on the Hill.",https://x.com/BrentScher/status/1935042470112305641,[]
2025-06-17T18:49:38.000Z,"From Trump Tower, 
@EricTrump
 reflects with 
@MaryMargOlohan
 on the moment his father decided to run—and how that one decision reshaped their lives and the country.",https://x.com/realDailyWire/status/1935047198141473004,[]
2025-06-17T18:25:28.000Z,"""My father looked at me right in the eyes and goes: 'Now we find out who our real friends are.'""

It’s been ten years since Donald Trump descended that golden escalator. Now, 
@DonaldJTrumpJr
 speaks with 
@MaryMargOlohan
 about the force behind his father’s enduring political power.",https://x.com/realDailyWire/status/1935041117935792467,[]
2025-06-17T18:03:49.000Z,They said ‘no kings’ but they never said ‘no queens’ ,https://x.com/realDailyWire/status/1935035670294315145,[]
2025-06-17T17:24:59.000Z,"NEW: The IDF says it destroyed 70+ Iranian air defense batteries since the start of its operation.

This follows Netanyahu’s claim yesterday that Israel controls the skies over Tehran, and Trump’s statement today that “we have complete and total control of the skies over Iran.”",https://x.com/KassyAkiva/status/1935025896592724255,[]
2025-06-17T16:40:03.000Z,"""Opportunity Zones allow investors to defer capital gains taxes by reinvesting in designated low-income areas.""

Thanks to 
@POTUS
's 2017 tax cuts, the Buddecke family was able to invest in their community. 

Read the story via 
@realDailyWire
:",https://x.com/IWF/status/1935014589344702864,"['https://www.dailywire.com/news/how-idahos-hottest-food-hall-was-born-out-of-trump-tax-cuts', 'https://www.dailywire.com/news/how-idahos-hottest-food-hall-was-born-out-of-trump-tax-cuts']"
2025-06-17T16:27:05.000Z,"NEW: Trump calls for an ""unconditional surrender"" from Iran.",https://x.com/KassyAkiva/status/1935011325932884125,[]
2025-06-17T15:35:45.000Z,"On the Middle East, 
@DonaldJTrumpJr
 says his father ""gets these things"" and ""has an instinct for this better than anyone.""

""He understands what his people want, and he wants to keep us out of wars.""",https://x.com/realDailyWire/status/1934998405522002207,[]
2025-06-17T15:20:42.000Z,"Vice President Vance: “I believe the president has earned some trust on this issue. And having seen this up close and personal, I can assure you that he is only interested in using the American military to accomplish American people's goals.”",https://x.com/MaryMargOlohan/status/1934994618803998845,[]
2025-06-17T08:30:02.000Z,"Israel and Iran continue to exchange fire, President Trump doubles down on deportations, and have Democrats abandoned the deported “Maryland father” they once embraced? Reporting from 
@cabot_phillips
 , 
@AmandaPresto
, & 
@maireadelordi
. Plus, we speak to 
@realTomPappert
.",https://x.com/MorningWire/status/1934891270373093777,[]
2025-06-17T13:26:03.000Z,"NEW: Trump just posted a text he received from U.S. Ambassador to Israel, Mike Huckabee. 

""You have many voices speaking to you Sir, but there is only ONE voice that matters. HIS voice.""",https://x.com/KassyAkiva/status/1934965767012806862,[]
2025-06-17T13:40:09.000Z,"NEW: Trump warns Iranians to evacuate Tehran as strikes escalate, and he doubles down on deportations in sanctuary cities. Also: Have Democrats abandoned ""Maryland man"" Kilmar Abrego Garcia? We have the latest from Nashville's federal court where he's being tried for trafficking.",https://x.com/jtbickley/status/1934969313976569955,[]
2025-06-17T01:45:48.000Z,"From our interview with 
@DonaldJTrumpJr
 at Trump Tower today: “I think generally speaking, the American public is very clear about not wanting to be in another never ending, boots on the ground war…my father gets these things, has an instinct for this better than probably",https://x.com/MaryMargOlohan/status/1934789544726978919,[]
2025-06-16T22:40:18.000Z,NEW: President Trump is encouraging Iranians to evacuate Tehran.,https://x.com/KassyAkiva/status/1934742860575957460,[]
2025-06-16T23:02:58.000Z,LIVE UPDATES: Trump Tells Iranians To Evacuate Tehran ‘Immediately’,https://x.com/realDailyWire/status/1934748564888170726,"['https://www.dailywire.com/news/live-updates-israel-strikes-iran?topStoryPosition=undefined&author=Daily+Wire&category=News&elementPosition=0&row=1&rowHeadline=Top+Stories&rowType=Top+Stories&title=LIVE+UPDATES%3A+Trump+Tells+Iranians+To+Evacuate+Tehran+%E2%80%98Immediately%E2%80%99', 'https://www.dailywire.com/news/live-updates-israel-strikes-iran?topStoryPosition=undefined&author=Daily+Wire&category=News&elementPosition=0&row=1&rowHeadline=Top+Stories&rowType=Top+Stories&title=LIVE+UPDATES%3A+Trump+Tells+Iranians+To+Evacuate+Tehran+%E2%80%98Immediately%E2%80%99']"
2025-06-16T22:24:06.000Z,Israel says it has taken out at least 14 top Iranian military figures in the past 24 hours,https://x.com/realDailyWire/status/1934738782789538101,[]
2025-06-16T20:02:19.000Z,"Terrifying news out of Nigeria, where around 200 Christians were slaughtered by Jihadists. Barely any reporting on this from the legacy media, but you can read about it 
@realDailyWire
. 

Pray for the Christians who are constantly persecuted in Nigeria.",https://x.com/zach_d_jewell/status/1934703103321772282,"['https://www.dailywire.com/news/terrible-massacre-hundreds-of-christians-killed-by-jihadists', 'https://www.dailywire.com/news/terrible-massacre-hundreds-of-christians-killed-by-jihadists']"
Unknown,"Let’s end this, once and for all!",https://x.com/thatreiguy/status/1940109804757811420/analytics,[]
2025-06-16T18:51:35.000Z,"It’s true! Tell us you know me, and you will likely get moved to the bottom of the pile!",https://x.com/BrentScher/status/1934685304092250333,[]
2025-06-16T17:28:42.000Z,"NEW: As Trump hosts massive celebration of Army's 250th birthday, “No Kings” protests  turn chaotic across the country. A Minnesota manhunt concludes following a political assassination, and Trump ratchets up the pressure on Iran.",https://x.com/jtbickley/status/1934664442538582503,"['https://www.youtube.com/watch?v=Q71CSlrUAa8&list=PL7nd_lHY9IxA6E1unmjAilHmHfDPlfHPJ', 'https://www.youtube.com/watch?v=Q71CSlrUAa8&list=PL7nd_lHY9IxA6E1unmjAilHmHfDPlfHPJ']"
2025-06-16T17:35:34.000Z,"Do you like memes, doomscrolling, and staring at a screen for 8 hours a day?

You’re in luck - the Daily Wire social media team is hiring!

Click the link below to apply.",https://x.com/realDailyWire/status/1934666172378574984,[]
2025-06-16T17:35:34.000Z,Apply to be a Social Platform Specialist here:,https://x.com/realDailyWire/status/1934666174136242460,"['https://dailywire.multiscreensite.com/', 'https://dailywire.multiscreensite.com/']"
Unknown,"When you’re leading a business, guessing isn’t a strategy. Get clarity on what’s next inside The Vault.",https://x.com/ValuetainmentTV/status/1937869890200989819/analytics,[]
